items,Diabetes,heart_disease,anemia,Blood_pressure
Asparagus Cooked,0,0,0,0
Avocados,0,0,0,0
Bananas,0,0,0,0
Bagels made in wheat,0,0,0,0
Berries,0,0,1,1
Brocolli,0,0,1,0
Brown Rice,1,0,0,1
Cauliflower,0,0,0,0
American cheese,1,1,0,1
Coffee,0,0,1,1
Corn,0,0,0,0
Dark chocolates,0,0,1,0
Grapes,0,0,0,0
Milk,0,0,1,0
Cashew Nuts,0,0,0,0
Onions,0,0,0,0
Orange,0,0,0,0
Pasta canned with tomato sauce,1,0,0,1
Pears,0,0,0,0
Peas,0,0,0,0
Protein Powder,0,0,0,0
Pumpkin,0,0,0,0
Tuna Salad,0,0,0,0
Tuna Fish,0,0,0,0
Peproni Pizza,0,0,0,0
Cheese Pizza,1,0,1,1
French Fries,1,1,0,1
Chicken Burger,1,1,0,1
Cheese Burger,1,1,0,1
Chicken Sandwich,0,0,0,0
Sugar Doughnuts,1,1,0,1
Chocolate Doughnuts,1,1,0,1
Pop Corn,0,0,0,0
Dosa,0,0,0,0
Idli,0,0,0,0
Poha,0,0,0,0
Chappati,0,0,0,0
Tomato,0,0,0,0
Yogurt,0,0,1,0
Brownie,1,1,0,1
Noodles,0,0,0,0
Uttapam,0,0,0,0
Bhaji Pav,0,0,0,0
Dal Makhani,0,0,0,0
Almonds,0,0,0,0
Mushrooms,0,0,0,0
Egg Yolk cooked,0,0,0,0
Sweet Potatoes cooked,0,1,0,0
Boiled Potatoes,0,0,1,0
White Rice,1,0,1,0
Orange juice,0,0,0,0
Greek yogurt plain,0,0,1,0
Oat Bran Cooked,0,0,0,0
Green Tea,0,0,0,0
Chia seeds,0,0,0,0
Cottage cheese with vegetables,0,0,1,0
Salmon,0,0,0,0
Cereals-Corn Flakes,0,0,1,0
Beans,0,0,0,0
Lentils,0,0,0,0
Pasta with corn homemade,1,0,0,0
Tea,0,0,1,0
Apples,0,0,0,0
Strawberries,0,0,0,0
Quninoa,0,0,0,0
Goat meat,0,0,0,0
Rabbit meat,0,0,0,0
Chicken Strips,0,0,0,1
Steak Fries,0,0,0,1
Mexican Rice,1,0,0,1
Fried Shrimp,0,1,0,1
Spaghetti and meatballs,0,1,0,0
Macroni n Cheese ,0,1,0,1
Pork cooked,0,0,1,0
Bacon cooked,1,1,1,1
Nachos,1,0,0,0
Chicken Popcorn,1,0,0,1
Turkey cooked,0,0,0,0
Oyster cooked,0,0,0,0
Beef sticks,1,1,0,1
Banana Chips,1,0,0,1
Honey,1,1,0,0
Chocolate Icecream,0,1,1,1
Vanilla Ice cream,0,1,1,1
Strawberry Icecream,0,1,1,1
Marshmallows,0,1,0,0
Chocolate milk,0,1,1,0
Rice Pudding,1,1,0,0
Kale,0,0,0,0
Carrots,0,0,0,0
Bell Peppers,0,0,0,0
Cucumbers,0,0,0,0
Zucchini,0,0,0,0
Tomatoes,0,0,0,0
Sweet Bell Peppers,0,0,0,0
Sweet Potatoes,0,1,0,0
Quinoa,0,0,0,0
Brown Lentils,0,0,0,0
Chickpeas,0,0,0,0
Brussels Sprouts,0,0,0,0
Cabbage,0,0,0,0
Cauliflower,0,0,0,0
Broccoli,0,0,1,0
Asparagus,0,0,0,0
Artichokes,0,0,0,0
Eggplant,0,0,0,0
Mushrooms,0,0,0,0
Garlic,0,0,0,0
Ginger,0,0,0,0
Avocado,0,0,0,0
Berries,0,0,1,1
Apples,0,0,0,0
Oranges,0,0,0,0
Bananas,0,0,0,0
Grapes,0,0,0,0
